Trial,Angular Diameter,Alpha Value,Chi-Squared Value
0,1.518999999999999,0.1,3.72891446860841
1,1.5139999999999996,0.1,4.330762013918598
2,1.51,0.11,2.778740544202427
3,1.5239999999999985,0.12,4.213640949004959
4,1.5139999999999996,0.1,3.1092686217225225
5,1.5119999999999998,0.15999999999999998,2.3564007112780034
6,1.5139999999999996,0.16999999999999998,2.8210300911218327
7,1.51,0.1,3.0151899593184
8,1.51,0.17999999999999997,3.117679436941016
9,1.5129999999999997,0.1,3.393310043799832
10,1.51,0.11,2.7670962141454947
11,1.511,0.15999999999999998,2.6595742358326455
12,1.5139999999999996,0.1,3.4880369918899317
13,1.5129999999999997,0.12,3.2698036695723194
14,1.5119999999999998,0.18999999999999995,3.559776197211882
15,1.5139999999999996,0.11,2.7962702018937486
16,1.511,0.1,3.124328235436785
17,1.5169999999999992,0.11,3.500242369014773
18,1.5129999999999997,0.11,2.8412020634198054
19,1.511,0.1,3.2500482566839066
20,1.5209999999999988,0.1,3.7366216795243767
21,1.5139999999999996,0.1,3.434453848028804
22,1.5139999999999996,0.1,3.1874005726927033
23,1.511,0.17999999999999997,3.4312391056344014
24,1.5139999999999996,0.17999999999999997,3.1700525791216827
25,1.5139999999999996,0.16999999999999998,2.8840045088100603
26,1.51,0.1,2.8977111081951863
27,1.5139999999999996,0.16999999999999998,2.9741953501409464
28,1.5119999999999998,0.15999999999999998,2.6660271537427866
29,1.5149999999999995,0.1,3.36276636600495
30,1.5139999999999996,0.1,3.1615834196022643
31,1.511,0.1,2.839928262127043
32,1.5139999999999996,0.1,3.1807479122680378
33,1.511,0.16999999999999998,3.0461307589468
34,1.51,0.17999999999999997,2.9924849949723686
35,1.511,0.1,3.1762313303880565
36,1.51,0.11,3.0761910156681376
37,1.518999999999999,0.1,4.038421829255356
38,1.5139999999999996,0.1,3.0229017613046834
39,1.5129999999999997,0.11,3.141453658407621
40,1.5129999999999997,0.11,3.1924351580751447
41,1.5129999999999997,0.11,3.6943503316218154
42,1.5139999999999996,0.1,3.2096404464505444
43,1.5139999999999996,0.1,4.00767718711293
44,1.5139999999999996,0.11,3.228187220614669
45,1.5149999999999995,0.11,3.3011920550794143
46,1.5139999999999996,0.1,3.561989470186935
47,1.5169999999999992,0.11,3.1534524607286025
48,1.511,0.1,2.9725436934885394
49,1.511,0.1,3.3216485697397484
50,1.5209999999999988,0.1,3.883596138306265
51,1.511,0.11,3.234041437259187
52,1.511,0.1,3.0279657096919377
53,1.511,0.15999999999999998,3.594910713624486
54,1.5169999999999992,0.11,3.0336555697352354
55,1.51,0.17999999999999997,3.2129580453570883
56,1.511,0.1,2.5806902396151985
57,1.511,0.11,3.04168514601613
58,1.5169999999999992,0.11,3.1641591112027245
59,1.5119999999999998,0.17999999999999997,2.942495444013283
60,1.5139999999999996,0.1,3.393204171474355
61,1.5139999999999996,0.1,3.0898313747824906
62,1.5119999999999998,0.15999999999999998,2.7773907867629024
63,1.5139999999999996,0.1,3.0297038101318607
64,1.511,0.1,3.479378813420653
65,1.5139999999999996,0.1,3.4624485342909406
66,1.5139999999999996,0.13999999999999999,2.621598840099785
67,1.518999999999999,0.1,3.896708134494007
68,1.518999999999999,0.1,4.116608007612555
69,1.511,0.13999999999999999,2.5712598924685746
70,1.5129999999999997,0.11,3.383930383877321
71,1.5139999999999996,0.1,3.3610827362191915
72,1.511,0.1,3.0268124735217485
73,1.511,0.1,2.9924653781588684
74,1.5139999999999996,0.1,3.0657674518042146
75,1.5209999999999988,0.11,3.5468591087770855
76,1.51,0.1,2.911322226710291
77,1.5129999999999997,0.18999999999999995,2.9397305916073773
78,1.511,0.1,3.5154935826614038
79,1.5139999999999996,0.1,3.199508376640307
80,1.5169999999999992,0.11,3.1206193161660765
81,1.5139999999999996,0.17999999999999997,3.452851049877009
82,1.511,0.1,3.0853824728218986
83,1.511,0.1,3.1673281584273445
84,1.51,0.1,3.3549926395265075
85,1.51,0.17999999999999997,3.804430799144492
86,1.5139999999999996,0.11,2.9425334915748462
87,1.5209999999999988,0.1,4.058575165930994
88,1.51,0.11,2.8378994044630867
89,1.5139999999999996,0.1,2.8047749069183836
90,1.5129999999999997,0.11,3.101385608606578
91,1.51,0.1,2.7661474616237385
92,1.511,0.1,3.043628904871289
93,1.5209999999999988,0.11,3.556748207480399
94,1.5129999999999997,0.18999999999999995,2.9519575674737615
95,1.511,0.1,3.2103185624006136
96,1.5119999999999998,0.15999999999999998,2.7796413238970508
97,1.51,0.17999999999999997,3.1764714329129657
98,1.51,0.1,2.7473657122016255
99,1.5139999999999996,0.1,3.3694457322802345
100,1.5119999999999998,0.15999999999999998,2.860885209084925
101,1.51,0.1,3.1891536437347865
102,1.5209999999999988,0.1,3.9627693282828935
103,1.5129999999999997,0.11,2.8523238891192073
104,1.5149999999999995,0.1,3.3103914417812317
105,1.5149999999999995,0.1,3.244440100356937
106,1.5139999999999996,0.1,3.060267462352174
107,1.5139999999999996,0.1,3.332258071104437
108,1.5179999999999991,0.1,3.397547788001311
109,1.5139999999999996,0.1,3.207397431176525
110,1.51,0.17999999999999997,3.1826435276382092
111,1.5139999999999996,0.1,3.436286467798346
112,1.511,0.11,3.2635903400412447
113,1.5129999999999997,0.12,2.685534424292048
114,1.511,0.1,3.494720637370381
115,1.5139999999999996,0.11,3.02440719053168
116,1.5119999999999998,0.18999999999999995,3.3025180029178776
117,1.5139999999999996,0.1,3.023466762112652
118,1.511,0.1,3.4606488017302035
119,1.5149999999999995,0.1,2.9763544148317354
120,1.511,0.1,3.440782271174807
121,1.5139999999999996,0.1,3.0722209610144633
122,1.511,0.1,2.9882637101620477
123,1.5159999999999993,0.11,3.203030349216636
124,1.5129999999999997,0.18999999999999995,3.176383517462493
125,1.5219999999999987,0.11,3.8698817863163173
126,1.51,0.1,3.1220414498115137
127,1.511,0.1,2.848007508215171
128,1.51,0.1,2.83834427805724
129,1.5119999999999998,0.15999999999999998,2.7574819820671315
130,1.5169999999999992,0.11,3.6183511841719955
131,1.5139999999999996,0.16999999999999998,2.9984330131885875
132,1.51,0.1,3.0710234362189186
133,1.511,0.1,2.892554962865912
134,1.5139999999999996,0.1,3.1646805551932267
135,1.5169999999999992,0.11,3.0941511153220524
136,1.5129999999999997,0.12,2.6876665314696746
137,1.5139999999999996,0.1,3.311098251610451
138,1.5119999999999998,0.18999999999999995,2.9579212687272864
139,1.5119999999999998,0.15999999999999998,3.0573534513782223
140,1.51,0.17999999999999997,2.909704757155682
141,1.51,0.1,2.906316660517554
142,1.5159999999999993,0.11,3.1534459920096083
143,1.5139999999999996,0.1,3.346249406148885
144,1.5139999999999996,0.16999999999999998,3.0855899587830566
145,1.511,0.1,3.273265687930738
146,1.5169999999999992,0.11,3.305486094023901
147,1.5139999999999996,0.1,3.2727000087253875
148,1.5139999999999996,0.1,3.094591535056579
149,1.5119999999999998,0.15999999999999998,2.986844137608603
150,1.51,0.11,2.6851653209886095
151,1.5159999999999993,0.11,3.2405678705887477
152,1.5169999999999992,0.11,2.9228908158702085
153,1.5119999999999998,0.13,2.693834254390697
154,1.5119999999999998,0.15999999999999998,2.589738774028667
155,1.511,0.1,2.8374425415015394
156,1.51,0.11,3.0952017840924846
157,1.511,0.1,2.978220004155941
158,1.511,0.1,3.1615711955761383
159,1.511,0.1,3.0027901904430325
160,1.5129999999999997,0.11,2.920686161409309
161,1.5129999999999997,0.18999999999999995,3.922460674017696
162,1.5209999999999988,0.1,3.7252169875048162
163,1.5129999999999997,0.11,3.2884069294126537
164,1.5139999999999996,0.1,3.569580507076714
165,1.5179999999999991,0.1,3.4647781859953164
166,1.5139999999999996,0.1,2.6359455208167133
167,1.5119999999999998,0.18999999999999995,3.146676714399181
168,1.5139999999999996,0.13999999999999999,2.741140795166116
169,1.5139999999999996,0.1,3.217144782169089
170,1.5119999999999998,0.15999999999999998,2.978005320706907
171,1.5149999999999995,0.1,3.3247675277709146
172,1.518999999999999,0.1,3.4988722703930955
173,1.511,0.1,2.9548946261618365
174,1.51,0.1,3.7985782523788933
175,1.5159999999999993,0.11,3.2992821718570267
176,1.5139999999999996,0.1,3.081990239403659
177,1.5139999999999996,0.1,3.0136582358244395
178,1.51,0.1,3.14835961088046
179,1.5209999999999988,0.1,4.1104716544834385
180,1.5129999999999997,0.18999999999999995,3.4958206864230865
181,1.51,0.1,2.802786285984071
182,1.5119999999999998,0.15999999999999998,2.659776231879515
183,1.511,0.15999999999999998,2.6896232032418266
184,1.511,0.17999999999999997,3.416494456923752
185,1.51,0.11,2.798766200023371
186,1.5139999999999996,0.1,3.386892229490178
187,1.5139999999999996,0.1,3.10248530818889
188,1.5119999999999998,0.15999999999999998,3.2055796790874482
189,1.518999999999999,0.1,4.340162718100106
190,1.5139999999999996,0.1,3.253306383601308
191,1.51,0.11,2.6587579435759388
192,1.511,0.1,3.0097260162287562
193,1.5139999999999996,0.1,3.047630529540305
194,1.511,0.1,3.210768403381629
195,1.511,0.1,3.4676021173955562
196,1.5129999999999997,0.11,3.318052383930647
197,1.5139999999999996,0.1,3.0618278286757294
198,1.5129999999999997,0.11,3.3997814092171126
199,1.5179999999999991,0.1,3.1568311201961308
200,1.511,0.11,2.967899463663543
201,1.511,0.15999999999999998,3.4028640279482465
202,1.51,0.14999999999999997,3.3094201071490676
203,1.511,0.1,2.890064147954049
204,1.5139999999999996,0.1,3.1463239848904303
205,1.5139999999999996,0.1,3.255571378648938
206,1.5119999999999998,0.18999999999999995,3.5964701100552334
207,1.51,0.11,2.820320835040612
208,1.518999999999999,0.1,3.6039627352748527
209,1.5119999999999998,0.15999999999999998,2.866446894396578
210,1.5169999999999992,0.11,3.3107388904945205
211,1.5139999999999996,0.1,3.1869147030166713
212,1.51,0.11,2.5846715390380646
213,1.51,0.11,2.8360415760098294
214,1.5119999999999998,0.15999999999999998,3.2461572694047374
215,1.5169999999999992,0.11,3.480153958739556
216,1.5149999999999995,0.1,3.5714612607519145
217,1.5139999999999996,0.1,3.9026864182759735
218,1.5119999999999998,0.18999999999999995,2.8406115811781714
219,1.5129999999999997,0.18999999999999995,3.056202155948347
220,1.5139999999999996,0.17999999999999997,3.0992321280917294
221,1.5139999999999996,0.1,3.0274492045137658
222,1.5129999999999997,0.11,3.032808976223135
223,1.5119999999999998,0.13,2.851152993576815
224,1.51,0.11,3.1704793988088316
225,1.511,0.1,3.203128532458696
226,1.5139999999999996,0.1,3.235279573907084
227,1.5139999999999996,0.1,3.3182936544797768
228,1.5139999999999996,0.1,2.999918608069615
229,1.511,0.1,2.894584507073146
230,1.5129999999999997,0.11,2.9817320778135294
231,1.5139999999999996,0.1,3.3022910991667667
232,1.5139999999999996,0.1,3.2578589184116704
233,1.5139999999999996,0.1,3.3136009625417517
234,1.5139999999999996,0.1,3.065003772547666
235,1.51,0.11,2.809256521668974
236,1.5119999999999998,0.18999999999999995,2.708094922723656
237,1.51,0.11,3.119619483668778
238,1.51,0.11,2.950511219003241
239,1.511,0.1,3.3199503367504883
240,1.5129999999999997,0.18999999999999995,3.464927469008796
241,1.5149999999999995,0.1,3.3640327807161885
242,1.5139999999999996,0.1,2.831043833516711
243,1.511,0.1,3.424240073148326
244,1.5169999999999992,0.11,3.0387428547338677
245,1.5139999999999996,0.1,3.531753423657788
246,1.5139999999999996,0.1,3.3187261084715134
247,1.51,0.17999999999999997,2.825092574816869
248,1.51,0.17999999999999997,2.9339836016537983
249,1.51,0.1,2.644417520544955
250,1.5139999999999996,0.1,3.0603326750839828
251,1.5139999999999996,0.1,3.188130364326457
252,1.5139999999999996,0.1,3.506164990984601
253,1.51,0.11,3.213054555117478
254,1.5139999999999996,0.1,3.1561045528398792
255,1.51,0.11,2.6123932878910647
256,1.511,0.1,2.969354121606135
257,1.518999999999999,0.1,3.4176516630812084
258,1.511,0.13,2.471642757626947
259,1.51,0.11,2.9011032701710295
260,1.5119999999999998,0.1,3.237395593967788
261,1.511,0.1,3.234008309922979
262,1.5139999999999996,0.16999999999999998,2.635489621814273
263,1.5139999999999996,0.1,3.309615211192403
264,1.5119999999999998,0.18999999999999995,3.2533133812393342
265,1.5129999999999997,0.18999999999999995,3.4954474681596275
266,1.5139999999999996,0.1,2.713853875384221
267,1.5129999999999997,0.11,2.829309923925223
268,1.511,0.1,3.112579562874411
269,1.511,0.15999999999999998,2.7816458685062493
270,1.5129999999999997,0.18999999999999995,3.508250429657883
271,1.5139999999999996,0.1,3.063983499536246
272,1.5139999999999996,0.1,3.4785633184934617
273,1.511,0.1,3.006730943499268
274,1.5169999999999992,0.11,3.511116119138688
275,1.5129999999999997,0.11,3.0178199791965152
276,1.5139999999999996,0.1,3.3272785607419038
277,1.51,0.17999999999999997,3.0880343822762084
278,1.5119999999999998,0.15999999999999998,2.7908444405104778
279,1.5139999999999996,0.1,3.2997864156446086
280,1.518999999999999,0.1,4.191129566042223
281,1.511,0.1,2.677602698179004
282,1.51,0.1,2.976615916009762
283,1.511,0.1,3.4521121013031206
284,1.51,0.11,2.480074845239257
285,1.51,0.14999999999999997,2.939355499973962
286,1.5159999999999993,0.11,3.4160319385938753
287,1.511,0.1,2.88199201020341
288,1.5119999999999998,0.15999999999999998,3.2087165728131524
289,1.5139999999999996,0.1,3.396349160843009
290,1.5139999999999996,0.16999999999999998,2.446367509005207
291,1.5119999999999998,0.15999999999999998,2.798540676555997
292,1.5139999999999996,0.1,3.0044497411975235
293,1.511,0.1,3.107106737864176
294,1.5139999999999996,0.1,3.6822930905072804
295,1.511,0.1,2.656356232059903
296,1.5119999999999998,0.15999999999999998,2.8303523815579816
297,1.51,0.11,2.686338812502111
298,1.511,0.1,2.989096845933269
299,1.5149999999999995,0.1,3.262503446624707
300,1.5139999999999996,0.1,3.4629295668423095
301,1.5139999999999996,0.1,3.49315490894999
302,1.51,0.11,2.7298702406026547
303,1.51,0.17999999999999997,3.288379519707869
304,1.5139999999999996,0.1,3.3148057625991987
305,1.51,0.1,3.0326658937124185
306,1.518999999999999,0.1,3.646007366830498
307,1.5169999999999992,0.11,3.32313884891263
308,1.5159999999999993,0.11,3.6917117762225464
309,1.51,0.1,2.763021195928369
310,1.5119999999999998,0.15999999999999998,3.2495227145524987
311,1.518999999999999,0.1,3.586475496825392
312,1.511,0.13,2.676884965354205
313,1.5239999999999985,0.11,3.755500732943584
314,1.51,0.11,2.90156863415251
315,1.5119999999999998,0.18999999999999995,3.181522634236775
316,1.5209999999999988,0.1,4.222755496187354
317,1.511,0.15999999999999998,2.7183250179991187
318,1.5139999999999996,0.1,3.0393675502888606
319,1.5179999999999991,0.1,3.4192708502989184
320,1.5139999999999996,0.17999999999999997,2.848313375286094
321,1.5139999999999996,0.1,3.188219557413
322,1.5139999999999996,0.1,3.441989774160938
323,1.5129999999999997,0.18999999999999995,2.9627958411945956
324,1.5139999999999996,0.1,2.8958330998832653
325,1.51,0.1,3.3314491562882336
326,1.51,0.11,2.7435215652607603
327,1.511,0.1,2.9735248680682393
328,1.5119999999999998,0.15999999999999998,2.6722167499231992
329,1.5129999999999997,0.11,2.9393069843727355
330,1.51,0.1,2.89639152222908
331,1.51,0.11,2.9715442178657345
332,1.511,0.1,3.17461995685922
333,1.5139999999999996,0.17999999999999997,3.1691393565639916
334,1.5119999999999998,0.12,2.7434542793569143
335,1.511,0.1,2.9961084663166138
336,1.511,0.1,3.2032885985868087
337,1.511,0.1,2.7497817907283566
338,1.5159999999999993,0.11,2.903549894869391
339,1.5129999999999997,0.12,3.549492448838539
340,1.5139999999999996,0.1,3.30298429234285
341,1.511,0.17999999999999997,3.032117140852817
342,1.5119999999999998,0.15999999999999998,3.0510476177932535
343,1.511,0.1,3.230211158470719
344,1.5169999999999992,0.11,3.039982656518879
345,1.511,0.1,2.832393371517489
346,1.5139999999999996,0.1,3.2639779981210317
347,1.5129999999999997,0.11,3.245931292264541
348,1.51,0.11,3.26358185522968
349,1.5129999999999997,0.11,3.0172839940474554
350,1.5169999999999992,0.11,3.537094068316775
351,1.511,0.15999999999999998,2.9310713182843973
352,1.51,0.14999999999999997,2.5555622683909154
353,1.5139999999999996,0.1,3.4990049908093326
354,1.5149999999999995,0.1,3.2527022930672245
355,1.5139999999999996,0.1,3.135840187364838
356,1.5139999999999996,0.1,3.147885310627082
357,1.511,0.1,2.8931234676592608
358,1.511,0.1,3.1073264235380247
359,1.518999999999999,0.1,3.7151573609673134
360,1.5159999999999993,0.11,3.288239798168689
361,1.511,0.1,2.9127224511998455
362,1.5139999999999996,0.1,3.226862645983916
363,1.5139999999999996,0.1,2.819195637077754
364,1.5139999999999996,0.1,3.142964533301114
365,1.5139999999999996,0.1,3.5083391651829134
366,1.5119999999999998,0.12,2.9909947532346552
367,1.5129999999999997,0.11,2.9175285940759283
368,1.51,0.14999999999999997,2.554730169837885
369,1.5129999999999997,0.11,3.3852848305384002
370,1.5139999999999996,0.1,3.450350960754903
371,1.5209999999999988,0.1,3.9129200514318403
372,1.511,0.1,3.08933038556604
373,1.5119999999999998,0.18999999999999995,3.0284583181799714
374,1.511,0.1,2.964793513070579
375,1.511,0.1,2.9131625244532806
376,1.5139999999999996,0.1,3.3487546445739955
377,1.51,0.1,3.5896067147344692
378,1.5139999999999996,0.1,3.1243873187178184
379,1.51,0.1,2.7589122321775017
380,1.51,0.14999999999999997,2.5196003914611036
381,1.5139999999999996,0.1,3.339097156537292
382,1.5129999999999997,0.1,3.5296085582117396
383,1.5139999999999996,0.1,3.2546211496460704
384,1.511,0.1,3.063666331032189
385,1.511,0.11,2.782681235332033
386,1.5129999999999997,0.11,3.1875744196687816
387,1.51,0.1,3.134873222896315
388,1.51,0.11,2.742427307236439
389,1.51,0.11,3.036926579327986
390,1.5139999999999996,0.16999999999999998,2.805249238074079
391,1.5139999999999996,0.11,2.765498955001084
392,1.51,0.1,3.858802041798009
393,1.5139999999999996,0.1,3.2312143024383198
394,1.5179999999999991,0.1,3.253969877507413
395,1.5139999999999996,0.1,3.850746635257446
396,1.5149999999999995,0.1,3.046349234435836
397,1.5139999999999996,0.1,3.625968157318871
398,1.5129999999999997,0.11,2.955510063222582
399,1.511,0.15999999999999998,2.7647367470041693
400,1.511,0.1,3.056596185100302
401,1.518999999999999,0.1,3.505986261433944
402,1.5139999999999996,0.1,3.0498535268866154
403,1.5139999999999996,0.1,3.7933513789538
404,1.5149999999999995,0.1,3.2946542819759954
405,1.5129999999999997,0.11,2.9822477646734353
406,1.5169999999999992,0.18999999999999995,3.0440460476154665
407,1.511,0.1,2.8935148728456332
408,1.5139999999999996,0.1,3.7302684303324978
409,1.5129999999999997,0.11,3.3630830675248222
410,1.5139999999999996,0.1,2.8365305420160345
411,1.5219999999999987,0.11,3.6570699408090346
412,1.511,0.1,3.0264865963191916
413,1.5159999999999993,0.11,3.0121159380416347
414,1.511,0.1,3.241375181645396
415,1.5139999999999996,0.1,2.9437082513343835
416,1.5129999999999997,0.11,3.14649615220089
417,1.5169999999999992,0.11,3.187184606681923
418,1.5119999999999998,0.15999999999999998,2.957458630183548
419,1.51,0.17999999999999997,3.1007009283399647
420,1.5139999999999996,0.1,3.105042582086777
421,1.511,0.1,2.8194266947768925
422,1.51,0.11,3.1336454430056055
423,1.5139999999999996,0.1,3.705559862599763
424,1.5139999999999996,0.1,3.5707900553883145
425,1.5129999999999997,0.1,3.2211127881147985
426,1.511,0.1,3.0367297472590495
427,1.5149999999999995,0.1,3.3425811743498177
428,1.5139999999999996,0.1,3.145541873509548
429,1.511,0.1,2.969462366869729
430,1.5129999999999997,0.18999999999999995,2.995065597146023
431,1.5119999999999998,0.18999999999999995,2.9859786411816973
432,1.5139999999999996,0.1,2.7244633548936092
433,1.5159999999999993,0.11,3.5867037538599966
434,1.5219999999999987,0.11,3.4828179127955785
435,1.5139999999999996,0.16999999999999998,3.30246701564777
436,1.5139999999999996,0.17999999999999997,2.9252507089846174
437,1.5129999999999997,0.11,3.01408352466433
438,1.5119999999999998,0.15999999999999998,2.546541196498778
439,1.5129999999999997,0.18999999999999995,3.200651410240968
440,1.51,0.11,2.806732071459893
441,1.5119999999999998,0.18999999999999995,3.3250874105157493
442,1.51,0.17999999999999997,3.1123166293800737
443,1.5139999999999996,0.1,3.4281232366683394
444,1.511,0.1,2.812828262163685
445,1.511,0.1,3.1341811810241498
446,1.511,0.15999999999999998,2.619561894861175
447,1.5129999999999997,0.11,3.341221285009091
448,1.5129999999999997,0.18999999999999995,3.169463056555107
449,1.5149999999999995,0.1,3.247798479231153
450,1.5149999999999995,0.1,3.337775466476888
451,1.5139999999999996,0.16999999999999998,2.9639694749791405
452,1.511,0.1,2.724654538899305
453,1.5139999999999996,0.1,3.455787205608118
454,1.518999999999999,0.1,3.27555426338174
455,1.511,0.1,2.68167629311176
456,1.5139999999999996,0.13999999999999999,2.966002193270525
457,1.51,0.11,2.785041725298411
458,1.51,0.14999999999999997,2.9606044009000922
459,1.51,0.11,2.6950248843290354
460,1.5119999999999998,0.1,3.251680304305253
461,1.511,0.1,3.0090952214966484
462,1.511,0.15999999999999998,3.111253200761531
463,1.5179999999999991,0.1,3.473643576507916
464,1.5139999999999996,0.1,3.8045654860040887
465,1.51,0.11,2.9554422279598307
466,1.511,0.1,2.6649773896490387
467,1.511,0.1,3.2324931093408766
468,1.5129999999999997,0.18999999999999995,3.4987739942939258
469,1.51,0.11,3.4685599419440925
470,1.51,0.1,3.294766113752336
471,1.5139999999999996,0.1,3.113203912400129
472,1.511,0.15999999999999998,3.0627593053363538
473,1.5209999999999988,0.11,3.5151906767844334
474,1.5129999999999997,0.18999999999999995,3.5104249687848696
475,1.5139999999999996,0.1,2.9263214467370244
476,1.5139999999999996,0.1,3.13753066337263
477,1.5139999999999996,0.16999999999999998,2.8436998162181486
478,1.5139999999999996,0.1,3.1636287110350336
479,1.511,0.1,3.017185372310334
480,1.5139999999999996,0.1,3.115494566133135
481,1.5149999999999995,0.1,3.0014004859256027
482,1.511,0.1,3.5156066413855456
483,1.511,0.17999999999999997,2.582326221515639
484,1.5139999999999996,0.1,3.3003322042794627
485,1.511,0.1,2.932525246491053
486,1.511,0.1,3.740436486828669
487,1.51,0.17999999999999997,3.365177013043087
488,1.51,0.11,3.203023536403671
489,1.5129999999999997,0.12,3.4369181178300034
490,1.5129999999999997,0.11,3.429464747618071
491,1.5149999999999995,0.11,3.4650761064092266
492,1.511,0.1,2.695842799931297
493,1.5139999999999996,0.1,3.105847182889866
494,1.5139999999999996,0.1,3.5987084859117173
495,1.5139999999999996,0.1,3.330421782316695
496,1.5139999999999996,0.1,3.961628651481122
497,1.5139999999999996,0.1,4.193107521025338
498,1.511,0.1,2.6788138326458464
499,1.5129999999999997,0.11,3.1503262652711
500,1.5139999999999996,0.1,3.1135831647182206
501,1.5139999999999996,0.1,3.058901011457764
502,1.5139999999999996,0.1,3.2271006435898304
503,1.5139999999999996,0.1,3.5139703624145184
504,1.5139999999999996,0.1,3.4832171181484037
505,1.51,0.17999999999999997,3.138985515364896
506,1.5209999999999988,0.1,3.6523617692914243
507,1.5159999999999993,0.11,3.5772458209765814
508,1.5119999999999998,0.18999999999999995,2.9028771431354143
509,1.5139999999999996,0.1,3.312700622409612
510,1.5139999999999996,0.1,3.035458761806604
511,1.5139999999999996,0.1,3.821827893064049
512,1.5139999999999996,0.11,3.13331542927805
513,1.5139999999999996,0.16999999999999998,2.9827455984865496
514,1.5159999999999993,0.11,3.350005451443205
515,1.5139999999999996,0.1,3.1355429379373763
516,1.5139999999999996,0.11,3.2099185086175757
517,1.51,0.17999999999999997,2.83029163693252
518,1.51,0.17999999999999997,3.6515921317964226
519,1.5139999999999996,0.1,4.02784405333054
520,1.518999999999999,0.1,3.3357793286423028
521,1.5129999999999997,0.18999999999999995,3.1547511784389726
522,1.5129999999999997,0.18999999999999995,3.045966331166028
523,1.5119999999999998,0.18999999999999995,3.14477926500234
524,1.5139999999999996,0.1,3.5806756686029377
525,1.5159999999999993,0.11,4.126706148506095
526,1.5139999999999996,0.17999999999999997,2.6610024588600867
527,1.51,0.11,2.6430485556182157
528,1.511,0.17999999999999997,3.318384555816357
529,1.5149999999999995,0.1,3.2221476119691
530,1.511,0.1,3.146866218223639
531,1.5129999999999997,0.11,3.4325608573520885
532,1.511,0.16999999999999998,2.7692641900721573
533,1.5139999999999996,0.1,3.005577717124685
534,1.518999999999999,0.1,3.9597775524260475
535,1.5149999999999995,0.1,3.2141634418794136
536,1.5139999999999996,0.17999999999999997,3.388078095235153
537,1.5139999999999996,0.1,2.815792589589434
538,1.5139999999999996,0.16999999999999998,2.8038482265955653
539,1.51,0.11,2.6747217946694404
540,1.5209999999999988,0.11,3.744523202977668
541,1.5139999999999996,0.1,3.2215705051730525
542,1.5139999999999996,0.1,2.9541520380861694
543,1.5129999999999997,0.11,3.621045698699477
544,1.5129999999999997,0.18999999999999995,3.3583573756209217
545,1.5139999999999996,0.1,3.187434425630682
546,1.5129999999999997,0.11,2.9279936768044195
547,1.5139999999999996,0.1,2.9712270598264747
548,1.5149999999999995,0.11,3.1114090435571558
549,1.5139999999999996,0.1,3.7393587284733245
550,1.5139999999999996,0.1,3.0133294948035205
551,1.5129999999999997,0.11,3.3193792063876106
552,1.5129999999999997,0.18999999999999995,2.8673008730967764
553,1.5139999999999996,0.16999999999999998,3.433511436925057
554,1.5129999999999997,0.11,2.9979447776399843
555,1.5129999999999997,0.11,3.434091825891968
556,1.5139999999999996,0.13999999999999999,2.887817683565267
557,1.5139999999999996,0.1,2.9794723523985303
558,1.5159999999999993,0.11,3.29147505297042
559,1.51,0.14999999999999997,2.616879009931104
560,1.5159999999999993,0.11,3.4759682597043366
561,1.5139999999999996,0.1,3.1162323625849626
562,1.5139999999999996,0.1,3.1655612484517976
563,1.5159999999999993,0.11,3.13709343006988
564,1.51,0.11,2.9297253183960454
565,1.5139999999999996,0.11,3.2928253263101297
566,1.5139999999999996,0.11,3.324339894119136
567,1.5139999999999996,0.1,3.026345127955752
568,1.5129999999999997,0.1,3.197391812016034
569,1.5139999999999996,0.1,3.334094547776428
570,1.5129999999999997,0.1,3.3264759714956167
571,1.51,0.1,2.8829617242438346
572,1.5119999999999998,0.18999999999999995,2.9809030489579307
573,1.511,0.1,3.2439338907693602
574,1.5219999999999987,0.11,3.4807007724831824
575,1.511,0.11,2.825389844040276
576,1.5129999999999997,0.11,3.0910313060854606
577,1.511,0.1,3.2915611811013363
578,1.5139999999999996,0.11,2.869680817082321
579,1.518999999999999,0.1,3.8649263265246256
580,1.5149999999999995,0.1,3.267095645455684
581,1.5149999999999995,0.1,2.7096998550002014
582,1.51,0.11,2.988955274661363
583,1.5139999999999996,0.1,2.9523838743417334
584,1.5139999999999996,0.16999999999999998,3.318330967273575
585,1.5209999999999988,0.11,4.111941494249272
586,1.5129999999999997,0.11,3.4381043362687627
587,1.511,0.1,2.771522332084649
588,1.5139999999999996,0.1,3.1666790136448033
589,1.5139999999999996,0.16999999999999998,2.9243053909364214
590,1.511,0.13,2.5115452745810765
591,1.518999999999999,0.1,3.8313164493154312
592,1.511,0.1,3.2094943341788875
593,1.518999999999999,0.1,3.7993692856924888
594,1.511,0.1,2.8159716228692737
595,1.5119999999999998,0.15999999999999998,2.7658598955654154
596,1.51,0.17999999999999997,2.79488042945115
597,1.5139999999999996,0.1,3.4446001200662058
598,1.51,0.17999999999999997,3.04792058137907
599,1.5139999999999996,0.1,3.0898884981067183
600,1.51,0.11,2.768889520363167
601,1.511,0.1,3.8327400929193063
602,1.51,0.11,2.65120724990139
603,1.511,0.1,2.6638478251386983
604,1.5139999999999996,0.1,3.454121902740601
605,1.5139999999999996,0.16999999999999998,3.972356520709996
606,1.5139999999999996,0.11,3.242240944508879
607,1.51,0.17999999999999997,3.006748650167586
608,1.511,0.17999999999999997,2.7722413831365125
609,1.511,0.1,3.1044987802993056
610,1.5139999999999996,0.1,3.29160143739871
611,1.51,0.11,2.773721007933315
612,1.51,0.1,3.3808958603179726
613,1.5139999999999996,0.11,3.087052750965715
614,1.511,0.1,2.9343120180863083
615,1.51,0.14999999999999997,2.537442936798746
616,1.518999999999999,0.1,3.8704359687953214
617,1.5119999999999998,0.15999999999999998,2.9379265541623427
618,1.511,0.1,2.9990656257988118
619,1.5139999999999996,0.1,3.182297359217428
620,1.5139999999999996,0.1,3.4103617307021046
621,1.511,0.1,2.8870656189984905
622,1.5169999999999992,0.11,3.470925216312613
623,1.51,0.11,3.14738144951307
624,1.51,0.1,3.006900789091001
625,1.5139999999999996,0.1,2.933263441894535
626,1.5139999999999996,0.1,3.0580727405074217
627,1.51,0.17999999999999997,2.6639303510280277
628,1.5159999999999993,0.11,3.08380867037166
629,1.5129999999999997,0.18999999999999995,3.298497101245442
630,1.5139999999999996,0.1,3.436091785853145
631,1.5169999999999992,0.11,3.395323896765791
632,1.51,0.17999999999999997,4.244714806591662
633,1.511,0.1,2.7252056700315284
634,1.511,0.15999999999999998,3.467809641780855
635,1.51,0.11,2.9850662672122414
636,1.518999999999999,0.1,4.182017009315327
637,1.5149999999999995,0.11,3.3731563653398875
638,1.5169999999999992,0.11,3.055030417583625
639,1.5119999999999998,0.1,3.066075175796659
640,1.511,0.1,2.934091509681577
641,1.51,0.17999999999999997,3.0765014433738647
642,1.5139999999999996,0.17999999999999997,3.511040912407037
643,1.5159999999999993,0.11,3.230411816266123
644,1.5139999999999996,0.11,3.292999998814688
645,1.5119999999999998,0.15999999999999998,2.6799591095793827
646,1.5129999999999997,0.12,3.253782037023287
647,1.5149999999999995,0.1,3.2051230391762395
648,1.5139999999999996,0.1,3.3631741778627227
649,1.5139999999999996,0.1,3.601372688865352
650,1.5129999999999997,0.12,3.1014764422798105
651,1.51,0.11,2.939968475801531
652,1.5139999999999996,0.16999999999999998,2.88399763513256
653,1.5139999999999996,0.1,3.357387112752058
654,1.5139999999999996,0.11,3.1048667115124675
655,1.51,0.17999999999999997,3.4058986637621187
656,1.511,0.1,2.9815937698470822
657,1.5139999999999996,0.1,3.5181056853232024
658,1.5159999999999993,0.18999999999999995,2.8650060458329065
659,1.5129999999999997,0.18999999999999995,3.3853180723678618
660,1.5129999999999997,0.18999999999999995,3.0072955317130616
661,1.51,0.11,2.7284779061514834
662,1.511,0.15999999999999998,3.519805292415576
663,1.5169999999999992,0.11,3.6818296337990377
664,1.518999999999999,0.1,4.265979262562144
665,1.5139999999999996,0.16999999999999998,3.1050813068878025
666,1.5139999999999996,0.1,3.808271691006682
667,1.5139999999999996,0.1,3.0861085299645254
668,1.5139999999999996,0.1,3.5802487678062866
669,1.5139999999999996,0.1,3.2098766680480884
670,1.5169999999999992,0.11,3.433030513194344
671,1.5149999999999995,0.1,3.52415098356846
672,1.5139999999999996,0.1,3.592836392810154
673,1.5179999999999991,0.1,3.5297120829996933
674,1.5139999999999996,0.1,3.1752871712518536
675,1.51,0.17999999999999997,3.4946479292586576
676,1.51,0.1,2.8706608351798018
677,1.5139999999999996,0.16999999999999998,3.254163198024325
678,1.5119999999999998,0.15999999999999998,2.7836728286956185
679,1.5129999999999997,0.12,3.0222908269813358
680,1.51,0.17999999999999997,3.092797023513179
681,1.5139999999999996,0.11,2.8923361729092174
682,1.5129999999999997,0.11,2.666072461491431
683,1.511,0.1,2.933929161479986
684,1.5139999999999996,0.1,3.518976009661562
685,1.5129999999999997,0.11,3.3706769425539824
686,1.5139999999999996,0.1,3.1767397772636508
687,1.51,0.1,3.103589107303334
688,1.51,0.11,3.0592294732853778
689,1.5139999999999996,0.1,3.29050130737878
690,1.51,0.14999999999999997,3.270195137470964
691,1.51,0.17999999999999997,3.209432927975559
692,1.5169999999999992,0.11,3.5419020997732433
693,1.5169999999999992,0.11,3.498741444884274
694,1.511,0.1,2.8065255511491767
695,1.5139999999999996,0.1,3.5011649347555878
696,1.5119999999999998,0.12,2.607775399999784
697,1.5139999999999996,0.1,3.1336405983920796
698,1.5139999999999996,0.1,3.1193945031702444
699,1.518999999999999,0.1,4.060100347459799
700,1.511,0.1,3.0116306026074215
701,1.511,0.15999999999999998,2.7369800911805604
702,1.5129999999999997,0.11,2.663921952054578
703,1.5139999999999996,0.1,3.6105769429582617
704,1.5139999999999996,0.1,3.3057564248519338
705,1.5139999999999996,0.1,3.3805326302183607
706,1.5139999999999996,0.1,3.4061156189159596
707,1.511,0.1,3.3030345093343594
708,1.5139999999999996,0.1,3.325136396199779
709,1.5169999999999992,0.11,3.08334912022253
710,1.511,0.15999999999999998,3.2214640195025
711,1.5139999999999996,0.1,4.261930664446276
712,1.51,0.1,3.0429136065062434
713,1.5129999999999997,0.11,3.0256832008606143
714,1.5129999999999997,0.18999999999999995,3.791148399884064
715,1.51,0.1,2.865147221977255
716,1.5169999999999992,0.11,3.659234615145881
717,1.5139999999999996,0.1,3.5973101102166627
718,1.518999999999999,0.1,3.776034803070546
719,1.5149999999999995,0.1,3.452797364861851
720,1.511,0.13,2.7337514651730426
721,1.5139999999999996,0.16999999999999998,3.435800679483177
722,1.51,0.17999999999999997,2.943229857279359
723,1.5139999999999996,0.1,3.32361563961093
724,1.5139999999999996,0.1,3.8782485017248747
725,1.511,0.1,2.7609360808990355
726,1.5119999999999998,0.18999999999999995,3.706979992196682
727,1.511,0.1,3.095909473613299
728,1.511,0.1,2.9701309801080282
729,1.5139999999999996,0.16999999999999998,2.7728670722878284
730,1.511,0.1,3.335350424280381
731,1.5119999999999998,0.15999999999999998,2.9951990485470055
732,1.5139999999999996,0.1,3.5824485431243014
733,1.5119999999999998,0.15999999999999998,3.578133504792297
734,1.5139999999999996,0.1,3.6400834414585654
735,1.5159999999999993,0.11,3.3502340527430143
736,1.5139999999999996,0.1,3.3443365623555086
737,1.5239999999999985,0.11,3.8583150101266974
738,1.511,0.1,3.2023738511568176
739,1.511,0.16999999999999998,3.3499070834978975
740,1.5139999999999996,0.1,3.0285602154916798
741,1.5149999999999995,0.1,3.2279093084569443
742,1.51,0.14999999999999997,2.566756455932511
743,1.5139999999999996,0.1,3.0319131889849453
744,1.5119999999999998,0.15999999999999998,2.7579095228464134
745,1.5169999999999992,0.11,3.3218735811375755
746,1.51,0.14999999999999997,2.8621013362073775
747,1.5119999999999998,0.15999999999999998,2.628146219213319
748,1.5169999999999992,0.11,2.9808903866393295
749,1.5139999999999996,0.1,3.5348096431425233
750,1.5209999999999988,0.11,4.177416976891724
751,1.5119999999999998,0.15999999999999998,3.142119962081963
752,1.5139999999999996,0.1,3.5811555612835364
753,1.5119999999999998,0.16999999999999998,2.876225252088646
754,1.5139999999999996,0.16999999999999998,3.175168712460818
755,1.51,0.14999999999999997,3.037963974925672
756,1.511,0.1,2.865734836311276
757,1.5139999999999996,0.1,3.128871861406245
758,1.5139999999999996,0.1,3.4992513018240143
759,1.511,0.15999999999999998,2.478638230931747
760,1.51,0.17999999999999997,3.2396157926238223
761,1.51,0.11,2.847122827380911
762,1.5119999999999998,0.18999999999999995,2.912518357569024
763,1.5139999999999996,0.11,2.736477023997264
764,1.51,0.17999999999999997,3.483528445594938
765,1.51,0.1,2.7270689973483044
766,1.5219999999999987,0.11,3.6259499014103693
767,1.5129999999999997,0.11,3.5469164613046327
768,1.5169999999999992,0.11,2.979374560073114
769,1.5139999999999996,0.1,3.240248957086098
770,1.518999999999999,0.1,3.4617317261971294
771,1.5119999999999998,0.15999999999999998,2.717642878899909
772,1.5139999999999996,0.1,3.2055688710182104
773,1.5139999999999996,0.11,3.2166699539624184
774,1.5119999999999998,0.12,3.0245705208768974
775,1.518999999999999,0.1,3.824113946770444
776,1.5179999999999991,0.1,3.214982522097602
777,1.5139999999999996,0.1,3.265349839683906
778,1.5119999999999998,0.12,2.4977509683247754
779,1.51,0.17999999999999997,3.8254643527364767
780,1.51,0.1,2.558209848161851
781,1.51,0.17999999999999997,2.92320772253176
782,1.5139999999999996,0.1,3.489338226620814
783,1.5129999999999997,0.18999999999999995,2.8184858360039327
784,1.5169999999999992,0.11,3.209591515893251
785,1.51,0.1,3.3121534971489925
786,1.5139999999999996,0.1,3.068132593172605
787,1.5139999999999996,0.1,3.6821791486756212
788,1.518999999999999,0.1,3.828392612216317
789,1.5139999999999996,0.1,3.557816144955552
790,1.5139999999999996,0.1,3.5661235846402497
791,1.511,0.1,2.9358147872209286
792,1.511,0.1,2.8223919135482696
793,1.511,0.1,2.8202838574932385
794,1.5139999999999996,0.1,3.2615387722849847
795,1.5119999999999998,0.15999999999999998,3.685489289941312
796,1.5139999999999996,0.1,3.2341242239951042
797,1.5149999999999995,0.1,3.226067574566536
798,1.5139999999999996,0.1,3.7467387760880206
799,1.5159999999999993,0.11,3.388713392035606
800,1.5129999999999997,0.12,3.0462352283790617
801,1.5139999999999996,0.1,2.8160652557638186
802,1.511,0.13,2.557390775019963
803,1.511,0.1,3.0251484234639077
804,1.51,0.14999999999999997,3.067078600391645
805,1.5139999999999996,0.13999999999999999,2.597080013794173
806,1.5149999999999995,0.1,3.188430089941807
807,1.518999999999999,0.1,3.282747521544029
808,1.5119999999999998,0.1,2.791676916150759
809,1.511,0.1,2.9127798508834344
810,1.5139999999999996,0.1,3.2751737461604917
811,1.511,0.1,3.210032755139673
812,1.5119999999999998,0.1,3.087538317334109
813,1.5139999999999996,0.1,3.5262108326952575
814,1.5139999999999996,0.16999999999999998,2.990853179215051
815,1.518999999999999,0.1,3.3216083502920535
816,1.511,0.1,2.7846370006033236
817,1.5139999999999996,0.1,3.1984143174468853
818,1.5139999999999996,0.1,3.224004055864643
819,1.5139999999999996,0.16999999999999998,2.6630383947879475
820,1.518999999999999,0.1,3.5679085638999952
821,1.5139999999999996,0.1,3.091220246592756
822,1.5139999999999996,0.1,3.1647169499034633
823,1.51,0.17999999999999997,3.2131400706220443
824,1.5119999999999998,0.15999999999999998,2.7630920739297014
825,1.518999999999999,0.1,3.455925652062096
826,1.51,0.1,3.2886639913792908
827,1.5139999999999996,0.11,3.0119870322516373
828,1.5169999999999992,0.11,3.6325095498900253
829,1.5159999999999993,0.11,3.073663960175352
830,1.5129999999999997,0.11,3.3044792386279522
831,1.5119999999999998,0.15999999999999998,3.0337780097634393
832,1.5119999999999998,0.15999999999999998,2.7632894891620876
833,1.51,0.11,2.8334341742871696
834,1.511,0.1,2.941490535711845
835,1.51,0.17999999999999997,3.07679433987621
836,1.5139999999999996,0.11,3.4774487649136834
837,1.51,0.14999999999999997,2.5127954117541194
838,1.5129999999999997,0.11,2.9065688309480007
839,1.51,0.1,3.201079442979259
840,1.51,0.11,2.9337648487491688
841,1.5149999999999995,0.1,2.9219557319127123
842,1.51,0.11,2.9456159357170137
843,1.5139999999999996,0.1,3.2832464794741383
844,1.518999999999999,0.1,3.2823039351296304
845,1.51,0.11,3.309058220567839
846,1.5159999999999993,0.11,3.3520549531442505
847,1.5139999999999996,0.1,3.027438352136979
848,1.511,0.1,2.929046593987379
849,1.5139999999999996,0.1,2.864395823964197
850,1.51,0.11,2.819141790462421
851,1.511,0.1,3.0803968857016426
852,1.5139999999999996,0.1,3.420511028592902
853,1.5139999999999996,0.1,3.963382675210284
854,1.5139999999999996,0.1,3.3091133687518877
855,1.5169999999999992,0.11,3.4748566932831957
856,1.5139999999999996,0.1,2.9979522483698746
857,1.5139999999999996,0.1,3.64712758930287
858,1.5169999999999992,0.11,3.0331475826236054
859,1.5129999999999997,0.18999999999999995,3.5068361611377705
860,1.51,0.11,2.6992746219512735
861,1.5119999999999998,0.12,3.040390413486478
862,1.518999999999999,0.1,3.5002380113979847
863,1.5129999999999997,0.12,2.965023914311941
864,1.5239999999999985,0.11,4.072599049458001
865,1.5169999999999992,0.11,3.4068128488989227
866,1.5139999999999996,0.11,2.947431591409605
867,1.511,0.1,3.340520269409346
868,1.5119999999999998,0.15999999999999998,2.833916561315206
869,1.511,0.1,2.8815948848312782
870,1.5159999999999993,0.11,3.0515556734415834
871,1.5139999999999996,0.1,3.7364318042201745
872,1.511,0.1,3.146840274944029
873,1.511,0.1,2.7816393101201946
874,1.5139999999999996,0.11,3.223192160004404
875,1.518999999999999,0.1,3.7730368673846417
876,1.51,0.1,3.169609594860933
5877,1.5139999999999996,0.1,3.21990278488546
878,1.511,0.11,2.9022469927530214
879,1.5129999999999997,0.1,3.336875829975887
880,1.511,0.1,2.9032144535202065
881,1.5119999999999998,0.15999999999999998,2.8770251326433725
882,1.51,0.11,2.714276633220195
883,1.511,0.1,2.855335532769297
884,1.5139999999999996,0.1,3.3369920743450803
885,1.5139999999999996,0.1,2.9821052593066444
886,1.5139999999999996,0.1,3.2169163374822323
887,1.5129999999999997,0.12,3.3503773254112468
888,1.5129999999999997,0.11,3.0544634185226336
889,1.5129999999999997,0.11,3.168482732548299
890,1.51,0.1,3.5347982221051915
891,1.5139999999999996,0.1,3.1513687296503385
892,1.5139999999999996,0.1,2.9724696248646127
893,1.5149999999999995,0.1,3.1884416845127492
894,1.5139999999999996,0.1,3.5273621404106263
895,1.5119999999999998,0.15999999999999998,3.067841571682467
896,1.5139999999999996,0.11,2.7322642051441632
897,1.511,0.13,3.2305600473007607
898,1.5179999999999991,0.1,3.10707176592051
899,1.5139999999999996,0.1,3.022859810757244
900,1.511,0.1,3.664754550115457
901,1.5149999999999995,0.11,3.1775089036911064
902,1.51,0.11,2.8698546044264712
903,1.5209999999999988,0.1,4.042000839416207
904,1.5139999999999996,0.1,3.1804141449556127
905,1.5159999999999993,0.11,3.2254544681810833
906,1.5169999999999992,0.11,3.696436726777867
907,1.5149999999999995,0.1,3.3550899785843997
908,1.511,0.1,3.307944223763737
909,1.511,0.1,3.166598907770068
910,1.5139999999999996,0.11,3.4403828074875147
911,1.5129999999999997,0.11,3.211285083753572
912,1.518999999999999,0.1,3.6501970293008936
913,1.518999999999999,0.1,3.1838003559908064
914,1.51,0.1,2.987272304874081
915,1.5129999999999997,0.16999999999999998,3.5961453406692176
916,1.5139999999999996,0.16999999999999998,2.7765282642677565
917,1.5139999999999996,0.1,3.870269128329553
918,1.51,0.11,2.7051567110978922
919,1.5139999999999996,0.1,3.5483522327911974
920,1.5139999999999996,0.1,3.4309517924174977
921,1.5149999999999995,0.1,3.171684936854516
922,1.5139999999999996,0.1,3.2523303397954604
923,1.5119999999999998,0.15999999999999998,2.6739881326068184
924,1.5139999999999996,0.1,2.8798840236848555
925,1.5139999999999996,0.1,2.811940763864088
926,1.5139999999999996,0.11,3.052113103010194
927,1.5209999999999988,0.11,3.7655735869151568
928,1.51,0.11,2.695955971549693
929,1.5129999999999997,0.18999999999999995,2.817518903631181
930,1.5129999999999997,0.11,3.4424344737028076
931,1.5139999999999996,0.16999999999999998,2.883241751135019
932,1.511,0.1,3.339247364264582
933,1.5119999999999998,0.15999999999999998,2.547560860179827
934,1.511,0.1,3.154448545181186
935,1.51,0.11,2.740143870557687
936,1.5149999999999995,0.1,3.158253603159944
937,1.5149999999999995,0.1,3.0243368019355676
938,1.518999999999999,0.1,4.024542926108094
939,1.518999999999999,0.1,3.8614374990522053
940,1.5119999999999998,0.15999999999999998,3.4279319083917668
941,1.511,0.1,2.7828989107220385
942,1.5139999999999996,0.1,3.7765617670163607
943,1.5139999999999996,0.1,3.604747704400665
944,1.5129999999999997,0.18999999999999995,3.7243373543998914
945,1.511,0.1,2.664332873884122
946,1.518999999999999,0.1,3.295671228282973
947,1.511,0.11,2.693316894881716
948,1.5149999999999995,0.1,2.855151779114631
949,1.5169999999999992,0.11,3.2131227036682177
950,1.5119999999999998,0.18999999999999995,2.7139609308362775
951,1.5129999999999997,0.11,3.286698408742613
952,1.5139999999999996,0.16999999999999998,2.558568129684931
953,1.5169999999999992,0.11,3.5866635955376154
954,1.5129999999999997,0.18999999999999995,3.0090126005112467
955,1.5139999999999996,0.17999999999999997,3.1863295380796908
956,1.5139999999999996,0.1,3.4171512231257775
957,1.5149999999999995,0.11,3.0602145017415303
958,1.511,0.17999999999999997,3.3717607736139144
959,1.5139999999999996,0.16999999999999998,3.046846943793739
960,1.511,0.1,3.2661707589939417
961,1.5139999999999996,0.1,3.3644212828706817
962,1.5129999999999997,0.11,2.7704277061165072
963,1.511,0.1,2.867633675931615
964,1.5139999999999996,0.13999999999999999,2.685776370297099
965,1.5169999999999992,0.11,3.080654461047602
966,1.5169999999999992,0.11,3.57345679940141
967,1.5139999999999996,0.1,3.5242540089376653
968,1.5139999999999996,0.1,3.0375380663809173
969,1.511,0.1,2.9872739866455245
970,1.51,0.17999999999999997,3.6348560139162243
971,1.5139999999999996,0.1,2.854849537328077
972,1.511,0.1,2.9727749835903254
973,1.511,0.13999999999999999,3.017176590117637
974,1.5139999999999996,0.1,2.9895087906215494
975,1.511,0.1,3.0722542641627273
976,1.51,0.1,2.917488240535601
977,1.5179999999999991,0.1,3.534066468719802
978,1.5169999999999992,0.11,3.1795743741391447
979,1.5149999999999995,0.11,3.2755995376923805
980,1.5139999999999996,0.1,2.895007698956907
981,1.511,0.1,3.014119305157454
982,1.511,0.1,2.8401087675743963
983,1.511,0.1,3.42675702271258
984,1.5139999999999996,0.16999999999999998,3.0213803388691765
985,1.511,0.1,3.203723730794099
986,1.511,0.1,3.0866197184905073
987,1.511,0.1,2.9714460268984246
988,1.51,0.11,3.032011183834223
989,1.5149999999999995,0.11,3.3889342860898366
990,1.5139999999999996,0.1,3.4547173627952503
991,1.5169999999999992,0.11,3.133187171688345
992,1.5139999999999996,0.1,3.1940998105494707
993,1.511,0.18999999999999995,3.425000254486266
994,1.51,0.1,3.0248796794858803
995,1.511,0.1,2.933629017520764
996,1.5159999999999993,0.11,3.304509194044327
997,1.511,0.13999999999999999,2.9353741206015864
998,1.5139999999999996,0.1,3.540199010325018
999,1.5139999999999996,0.1,3.2493637064271703
